yf_symbol,trailingPE,priceToBook,returnOnEquity,debtToEquity,coffeeCan,coffeeCanReasons,piotroskiScore,fetched_at
360ONE.NS,34.597473,4.2880764,,161.977,False,,2,1791104070
ABB.NS,92.5926,15.662205,0.19131,1.547,True,"Consistently profitable, compounding business: 30% average return on capital over 4 years, growing revenue 15% a year",5,1791104071
ACC.NS,11.65039,1.0791774,,2.085,False,,4,1791104072
ACMESOLAR.NS,44.664604,5.1794496,,393.194,False,,6,1791104073
AIAENG.NS,28.093098,4.4344306,,0.128,False,,7,1791104075
APLAPOLLO.NS,47.85569,11.092876,,9.396,True,"Consistently profitable, compounding business: 25% average return on capital over 4 years, growing revenue 13% a year",8,1791104075
AUBANK.NS,26.18037,3.6933649,,,False,,6,1791104076
AWL.NS,19.676373,2.1766224,,10.621,False,,6,1791104077
AADHARHFC.NS,17.482517,2.6000438,,255.574,False,,4,1791104078
AARTIIND.NS,31.863014,2.8238266,,83.392,False,,7,1791104079
AAVAS.NS,14.033867,1.8971703,,310.553,False,,5,1791104080
ABBOTINDIA.NS,35.348946,11.95059,,3.602,False,,5,1791104081
ACE.NS,33.013885,7.175657,,0.393,True,"Consistently profitable, compounding business: 32% average return on capital over 4 years, growing revenue 15% a year",5,1791104082
ACUTAAS.NS,68.099594,15.847467,,2.081,True,"Consistently profitable, compounding business: 19% average return on capital over 4 years, growing revenue 29% a year",6,1791104083
ADANIENSOL.NS,54.651833,6.2663584,,194.5,False,,7,1791104084
ADANIENT.NS,49.02193,4.499458,,119.56,False,,5,1791104085
ADANIGREEN.NS,121.998085,10.896593,,346.548,False,,5,1791104086
ADANIPORTS.NS,29.675547,4.172439,,64.051,False,,5,1791104087
ADANIPOWER.NS,26.514866,5.826924,,82.332,True,"Consistently profitable, compounding business: 20% average return on capital over 4 years, growing revenue 13% a year",4,1791104087
ATGL.NS,101.03986,13.180204,,58.65,True,"Consistently profitable, compounding business: 17% average return on capital over 4 years, growing revenue 10% a year",5,1791104088
ABCAPITAL.NS,24.27508,2.8541312,,495.936,False,,3,1791104089
ABREL.NS,,3.3071709,,152.371,False,,5,1791104090
ABSLAMC.NS,28.063774,6.9806495,,1.577,True,"Consistently profitable, compounding business: 32% average return on capital over 4 years, growing revenue 15% a year",5,1791104091
CPPLUS.NS,93.45795,23.85017,,9.604,True,"Consistently profitable, compounding business: 26% average return on capital over 4 years, growing revenue 23% a year",5,1791104092
AEGISLOG.NS,39.381847,8.124841,,47.243,False,,7,1791104093
AEGISVOPAK.NS,105.797104,7.5405436,,84.438,False,,7,1791104094
AETHER.NS,93.8983,8.978979,,18.646,False,,6,1791104095
AFCONS.NS,62.05128,1.6331599,,66.542,False,,2,1791104096
AFFLE.NS,42.95441,5.5795674,,0.405,True,"Consistently profitable, compounding business: 16% average return on capital over 4 years, growing revenue 24% a year",7,1791104097
AJANTPHARM.NS,39.423923,9.8963995,,5.874,True,"Consistently profitable, compounding business: 29% average return on capital over 4 years, growing revenue 13% a year",5,1791104098
ALKEM.NS,28.902054,4.5160985,,14.267,False,,4,1791104099
ABDL.NS,86.29442,11.439722,,68.251,False,,5,1791104100
ARE&M.NS,14.845146,1.6898113,,5.015,False,,6,1791104101
AMBER.NS,250.0,5.2323318,,46.566,False,,6,1791104102
AMBUJACEM.NS,20.328283,1.5087777,,1.205,False,,5,1791104102
ANANDRATHI.NS,76.91609,35.22415,,8.25,True,"Consistently profitable, compounding business: 52% average return on capital over 4 years, growing revenue 28% a year",6,1791104103
ANANTRAJ.NS,35.398773,3.5871484,,11.703,False,,3,1791104104
ANGELONE.NS,25.004517,4.121194,,129.314,True,"Consistently profitable, compounding business: 26% average return on capital over 4 years, growing revenue 20% a year",5,1791104105
ANTHEM.NS,85.0,15.849718,,1.772,True,"Consistently profitable, compounding business: 26% average return on capital over 4 years, growing revenue 26% a year",8,1791104107
ANURAS.NS,75.26693,3.9441185,,41.317,False,,6,1791104108
APARINDS.NS,60.349537,13.168097,,17.716,True,"Consistently profitable, compounding business: 32% average return on capital over 4 years, growing revenue 17% a year",4,1791104109
APOLLOHOSP.NS,55.865788,12.336082,,85.146,True,"Consistently profitable, compounding business: 19% average return on capital over 4 years, growing revenue 15% a year",6,1791104110
APOLLOTYRE.NS,14.985164,1.5289304,,21.987,False,,7,1791104111
APTUS.NS,11.450382,2.2265985,,156.2,False,,5,1791104112
ASAHIINDIA.NS,54.611397,6.14621,,55.868,False,,6,1791104113
ASHOKLEY.NS,25.46193,6.206384,,344.737,False,,4,1791104114
ASIANPAINT.NS,48.5478,10.803071,,17.847,False,,7,1791104115
ASTERDM.NS,114.74878,7.973422,,45.921,False,,5,1791104116
ASTRAL.NS,62.891903,8.897834,,6.168,False,,6,1791104116
ATHERENERG.NS,,20.915394,,25.819,False,,5,1791104118
ATUL.NS,21.723602,2.777394,,2.907,False,,8,1791104119
AUROPHARMA.NS,26.179546,2.5702379,,21.31,False,,6,1791104119
AIIL.NS,28.146215,3.107936,,24.59,True,"Consistently profitable, compounding business: 43% average return on capital over 4 years, growing revenue 44% a year",4,1791104121
AVANTIFEED.NS,18.319632,2.9562247,,0.357,False,,5,1791104122
DMART.NS,81.30064,10.142414,,9.913,True,"Consistently profitable, compounding business: 18% average return on capital over 4 years, growing revenue 17% a year",6,1791104122
AXISBANK.NS,13.698368,1.6961955,0.13352999,,False,,3,1791104123
AZAD.NS,132.94502,12.055626,,31.025,False,,4,1791104124
BEML.NS,91.63161,5.564293,,10.529,False,,4,1791104125
BLS.NS,12.696136,3.6228616,,15.468,True,"Consistently profitable, compounding business: 30% average return on capital over 4 years, growing revenue 26% a year",8,1791104127
BSE.NS,44.24753,15.687365,,0.0,True,"Consistently profitable, compounding business: 33% average return on capital over 4 years, growing revenue 77% a year",7,1791104128
BAGMANE.NS,,,,,False,,0,1791104129
BAJAJ-AUTO.NS,23.866093,7.23001,,56.352,True,"Consistently profitable, compounding business: 27% average return on capital over 4 years, growing revenue 19% a year",6,1791104129
BAJFINANCE.NS,29.088959,5.172329,,314.833,False,,3,1791104130
BAJAJFINSV.NS,27.397215,3.5551307,,256.404,False,,3,1791104131
BAJAJHLDNG.NS,13.404886,1.6227577,0.11598,0.012,False,,6,1791104132
BAJAJHFL.NS,25.749226,3.0754724,0.12679,460.74,False,,3,1791104133
BALKRISIND.NS,28.538029,3.6615493,,37.524,False,,5,1791104134
BALRAMCHIN.NS,35.66318,3.1629505,,76.606,False,,5,1791104135
BANDHANBNK.NS,20.952381,1.1071689,,,False,,3,1791104136
BANKBARODA.NS,6.5704527,0.70807374,0.113170005,,False,,5,1791104137
BANKINDIA.NS,4.79378,0.6482265,0.13697,,False,,4,1791104138
MAHABANK.NS,8.222676,1.7349513,0.22961001,,False,,4,1791104139
BATAINDIA.NS,54.02116,4.934552,,86.9,False,,6,1791104140
BELRISE.NS,41.4386,4.021795,,29.1,False,,8,1791104141
BERGEPAINT.NS,43.291866,7.6270757,,9.165,False,,6,1791104142
BHARATCOAL.NS,,2.5658796,,38.792,False,,3,1791104143
BDL.NS,76.343864,9.396026,,0.007,False,,5,1791104144
BEL.NS,45.6615,11.673827,,0.273,True,"Consistently profitable, compounding business: 32% average return on capital over 4 years, growing revenue 15% a year",7,1791104145
BHARATFORG.NS,126.603645,9.357314,,76.475,False,,6,1791104146
BHEL.NS,60.2289,5.6066804,,31.312,False,,8,1791104147
BPCL.NS,7.4962597,1.282571,,54.332,False,,7,1791104148
BHARTIARTL.NS,36.363827,6.709984,0.20151,100.415,True,"Consistently profitable, compounding business: 17% average return on capital over 4 years, growing revenue 15% a year",7,1791104149
BHARTIHEXA.NS,37.723667,9.621504,,85.654,True,"Consistently profitable, compounding business: 21% average return on capital over 4 years, growing revenue 12% a year",8,1791104150
GROWW.NS,45.76142,11.548808,,3.028,False,,2,1791104151
BIOCON.NS,107.44928,1.7640873,,42.145,False,,6,1791104152
BSOFT.NS,13.222331,1.8348,,3.422,False,,5,1791104152
BBOX.NS,60.980843,10.975946,,89.594,False,,5,1791104153
BLUESTARCO.NS,58.831116,8.745199,,23.588,True,"Consistently profitable, compounding business: 24% average return on capital over 4 years, growing revenue 16% a year",6,1791104154
BOSCHLTD.NS,56.81804,9.035721,,0.8,True,"Consistently profitable, compounding business: 22% average return on capital over 4 years, growing revenue 10% a year",6,1791104155
FIRSTCRY.NS,,1.7322662,,29.762,False,,6,1791104157
BRIGADE.NS,28.967611,27.370537,,84.316,False,,4,1791104157
BRITANNIA.NS,44.24893,22.537098,,26.875,False,,8,1791104158
BIRET.NS,35.320374,1.1266515,,,False,,5,1791104159
CCL.NS,32.53699,5.995524,,56.487,False,,8,1791104160
CESC.NS,11.200171,1.3918116,,164.311,False,,5,1791104161
CGPOWER.NS,111.12516,17.368452,,1.446,True,"Consistently profitable, compounding business: 38% average return on capital over 4 years, growing revenue 21% a year",5,1791104162
CIEINDIA.NS,16.27821,1.8375705,0.12222,6.63,False,,6,1791104163
CRISIL.NS,36.666668,9.909577,0.29052,10.23,False,,5,1791104164
CANFINHOME.NS,8.29993,1.5674609,,636.585,False,,5,1791104165
CANBK.NS,5.4045663,0.91211736,,,False,,4,1791104166
CANHLIFE.NS,105.72463,8.484531,0.08276,15.304,False,,3,1791104167
CAPLIPOINT.NS,29.892426,5.653386,,0.127,True,"Consistently profitable, compounding business: 24% average return on capital over 4 years, growing revenue 14% a year",5,1791104168
CGCL.NS,21.296423,3.3461816,,334.728,False,,4,1791104169
CARBORUNIV.NS,112.873985,6.081388,,10.292,False,,6,1791104170
CARTRADE.NS,60.098732,5.395822,,5.363,False,,8,1791104171
CASTROLIND.NS,18.471575,10.285418,0.56996,2.784,False,,7,1791104172
CEATLTD.NS,22.507368,2.258138,,64.742,False,,7,1791104173
CEMPRO.NS,33.70466,8.4476385,,37.711,True,"Consistently profitable, compounding business: 22% average return on capital over 4 years, growing revenue 25% a year",7,1791104174
CENTRALBK.NS,6.0707073,0.66489655,0.115600005,,False,,5,1791104175
CDSL.NS,55.246777,13.2506485,,0.11,True,"Consistently profitable, compounding business: 35% average return on capital over 4 years, growing revenue 27% a year",6,1791104175
CMPDI.NS,22.395197,6.4162393,,0.064,True,"Consistently profitable, compounding business: 39% average return on capital over 4 years, growing revenue 19% a year",6,1791104176
CHAMBLFERT.NS,8.302161,1.5359064,,10.274,False,,5,1791104177
CHENNPETRO.NS,4.7838182,1.7975751,,17.68,False,,6,1791104178
CHOICEIN.NS,67.136154,8.4580345,,49.768,True,"Consistently profitable, compounding business: 17% average return on capital over 4 years, growing revenue 42% a year",4,1791104179
CHOLAHLDNG.NS,9.57372,1.6537,,623.156,False,,4,1791104180
CHOLAFIN.NS,23.365868,4.419865,,695.283,False,,4,1791104181
CIPLA.NS,32.26116,3.153057,,1.778,False,,5,1791104182
CUB.NS,16.254417,2.1568499,,,False,,4,1791104183
CLEANMAX.NS,97.012695,3.2789366,,231.875,False,,7,1791104184
CLEAN.NS,36.865875,5.425638,,0.135,False,,5,1791104185
COALINDIA.NS,8.31981,2.1750827,,11.629,False,,6,1791104186
COCHINSHIP.NS,49.74874,5.76507,,28.466,True,"Consistently profitable, compounding business: 17% average return on capital over 4 years, growing revenue 27% a year",5,1791104187
COFORGE.NS,37.45641,6.430415,,7.518,True,"Consistently profitable, compounding business: 25% average return on capital over 4 years, growing revenue 27% a year",6,1791104188
COHANCE.NS,164.72728,4.439697,,9.928,True,"Consistently profitable, compounding business: 19% average return on capital over 4 years, growing revenue 18% a year",5,1791104189
COLPAL.NS,34.96574,29.7895,,2.993,False,,5,1791104190
CAMS.NS,34.01557,12.71449,,4.863,True,"Consistently profitable, compounding business: 51% average return on capital over 4 years, growing revenue 16% a year",7,1791104191
CONCORDBIO.NS,48.25802,7.255998,,0.115,False,,6,1791104192
CONCOR.NS,27.09994,2.6010404,,7.39,False,,6,1791104192
COROMANDEL.NS,28.350515,4.1273766,,11.469,True,"Consistently profitable, compounding business: 25% average return on capital over 4 years, growing revenue 10% a year",5,1791104193
CRAFTSMAN.NS,52.9815,7.5132027,,111.011,False,,6,1791104194
CREDITACC.NS,16.394531,2.5227714,0.16364999,302.872,False,,5,1791104195
CROMPTON.NS,,4.4001126,,5.797,False,,6,1791104196
CUMMINSIND.NS,56.815525,15.895755,,0.431,True,"Consistently profitable, compounding business: 33% average return on capital over 4 years, growing revenue 16% a year",7,1791104197
CUPID.NS,311.8,92.88054,,12.506,True,"Consistently profitable, compounding business: 22% average return on capital over 4 years, growing revenue 31% a year",5,1791104198
CYIENT.NS,32.633743,2.158595,,7.528,False,,5,1791104199
DLF.NS,36.638844,3.5839486,0.10102,0.673,False,,5,1791104200
DOMS.NS,59.169937,10.496938,,10.849,True,"Consistently profitable, compounding business: 28% average return on capital over 4 years, growing revenue 24% a year",7,1791104201
DABUR.NS,33.655575,5.8128695,,10.907,False,,7,1791104202
DALBHARAT.NS,33.78703,1.761006,,40.987,False,,6,1791104203
DATAPATTNS.NS,88.42631,13.699557,,0.304,True,"Consistently profitable, compounding business: 18% average return on capital over 4 years, growing revenue 27% a year",7,1791104204
DEEPAKFERT.NS,16.758215,2.4087586,,75.969,False,,5,1791104205
DEEPAKNTR.NS,25.96137,3.4864538,,27.903,False,,4,1791104206
DELHIVERY.NS,322.58063,3.0819252,,15.098,False,,6,1791104206
DEVYANI.NS,,10.171931,,203.327,True,"Consistently profitable, compounding business: 17% average return on capital over 4 years, growing revenue 23% a year",5,1791104207
DIVISLAB.NS,84.03598,14.649003,,0.042,True,"Consistently profitable, compounding business: 19% average return on capital over 4 years, growing revenue 11% a year",5,1791104208
DIXON.NS,41.322315,14.146872,,18.457,True,"Consistently profitable, compounding business: 39% average return on capital over 4 years, growing revenue 59% a year",7,1791104209
LALPATHLAB.NS,61.422413,13.281584,,7.83,True,"Consistently profitable, compounding business: 26% average return on capital over 4 years, growing revenue 11% a year",7,1791104210
DRREDDY.NS,30.398184,2.6204307,0.088369995,18.605,True,"Consistently profitable, compounding business: 21% average return on capital over 4 years, growing revenue 11% a year",5,1791104211
DUMMYHEG.NS,,,,,False,,0,1791104212
EIDPARRY.NS,25.844852,1.3615903,,23.647,False,,6,1791104213
EIHOTEL.NS,26.137962,3.5348854,,4.666,True,"Consistently profitable, compounding business: 20% average return on capital over 4 years, growing revenue 13% a year",6,1791104214
EMBASSY.NS,92.711784,1.6873988,,,False,,6,1791104215
EICHERMOT.NS,32.894424,7.5627174,,2.048,True,"Consistently profitable, compounding business: 27% average return on capital over 4 years, growing revenue 17% a year",6,1791104216
ELECON.NS,41.825092,4.2819886,,11.824,True,"Consistently profitable, compounding business: 25% average return on capital over 4 years, growing revenue 16% a year",5,1791104217
ELGIEQUIP.NS,41.12597,8.254237,,23.885,False,,7,1791104218
EMAMILTD.NS,21.750292,5.565259,,5.541,False,,5,1791104219
EMCURE.NS,36.2988,7.406443,,30.567,True,"Consistently profitable, compounding business: 21% average return on capital over 4 years, growing revenue 15% a year",6,1791104220
EMMVEE.NS,16.636808,5.7395163,,9.745,True,"Consistently profitable, compounding business: 18% average return on capital over 4 years, growing revenue 103% a year",7,1791104221
ENDURANCE.NS,37.66173,5.3387947,,19.393,True,"Consistently profitable, compounding business: 16% average return on capital over 4 years, growing revenue 18% a year",6,1791104222
ENGINERSIN.NS,22.365591,5.588894,,0.534,False,,7,1791104223
ESCORTS.NS,21.292685,2.418792,,1.309,False,,7,1791104224
ETERNAL.NS,667.8723,9.279021,,14.826,False,,5,1791104225
EXIDEIND.NS,37.31996,2.502659,,11.308,False,,7,1791104226
NYKAA.NS,357.08792,64.7053,,82.829,False,,7,1791104227
FEDERALBNK.NS,17.034262,1.9588168,,,False,,6,1791104228
FACT.NS,,34.547882,,295.147,False,,3,1791104229
FINCABLES.NS,27.687609,3.6449835,,0.314,True,"Consistently profitable, compounding business: 16% average return on capital over 4 years, growing revenue 12% a year",5,1791104230
FSL.NS,26.265755,3.9371133,,67.135,True,"Consistently profitable, compounding business: 16% average return on capital over 4 years, growing revenue 17% a year",6,1791104231
FIVESTAR.NS,13.493718,2.01899,,111.929,False,,4,1791104232
FORCEMOT.NS,17.667845,5.371502,,,True,"Consistently profitable, compounding business: 28% average return on capital over 4 years, growing revenue 22% a year",8,1791104233
FORTIS.NS,56.515476,5.988983,,34.15,False,,7,1791104234
FRACTAL.NS,37.689495,3.7719464,,13.131,False,,7,1791104235
GAIL.NS,11.391883,1.2631595,,27.809,False,,4,1791104235
GVT&D.NS,83.33073,40.47506,,0.892,True,"Consistently profitable, compounding business: 34% average return on capital over 4 years, growing revenue 31% a year",8,1791104236
GMRAIRPORT.NS,232.90001,-39.175777,,,False,,8,1791104237
GABRIEL.NS,74.34733,13.769182,,10.642,True,"Consistently profitable, compounding business: 24% average return on capital over 4 years, growing revenue 16% a year",6,1791104238
GALLANTT.NS,29.470325,3.866557,,16.515,False,,7,1791104239
GRSE.NS,30.23755,9.216369,,1.424,True,"Consistently profitable, compounding business: 30% average return on capital over 4 years, growing revenue 40% a year",5,1791104240
GICRE.NS,6.4034395,0.57546407,0.091079995,,False,,6,1791104241
GILLETTE.NS,33.674965,23.755995,,0.002,True,"Consistently profitable, compounding business: 63% average return on capital over 4 years, growing revenue 11% a year",6,1791104242
GLAND.NS,41.89446,4.5587363,,2.738,False,,8,1791104243
GLAXO.NS,43.68471,20.620867,,1.467,False,,6,1791104244
GLENMARK.NS,36.627907,6.258138,,5.646,False,,8,1791104245
MEDANTA.NS,65.77799,9.20181,,29.869,True,"Consistently profitable, compounding business: 18% average return on capital over 4 years, growing revenue 17% a year",6,1791104246
GPIL.NS,17.13227,2.2737944,,7.582,False,,6,1791104247
GODFRYPHLP.NS,21.096031,4.6440682,,3.757,True,"Consistently profitable, compounding business: 28% average return on capital over 4 years, growing revenue 22% a year",7,1791104248
GODREJCP.NS,44.84784,6.7956214,,34.899,False,,6,1791104249
GODREJIND.NS,29.305996,3.0795057,,222.411,False,,4,1791104250
GODREJPROP.NS,30.030111,2.5092852,,82.119,False,,4,1791104251
GRANULES.NS,30.59369,4.0178747,,29.735,False,,6,1791104252
GRAPHITE.NS,72.0128,2.624664,,6.295,False,,5,1791104252
GRASIM.NS,35.337627,1.9416126,,135.044,False,,5,1791104253
GRAVITA.NS,26.256039,4.196425,,29.934,True,"Consistently profitable, compounding business: 20% average return on capital over 4 years, growing revenue 15% a year",5,1791104254
GESHIP.NS,5.8417654,1.2876613,,6.409,False,,7,1791104255
FLUOROCHEM.NS,77.720055,6.248143,,28.94,False,,6,1791104256
GMDCLTD.NS,16.242102,2.1971595,,4.475,False,,4,1791104257
HBLENGINE.NS,27.580647,9.655501,,3.021,True,"Consistently profitable, compounding business: 29% average return on capital over 4 years, growing revenue 34% a year",7,1791104258
HCLTECH.NS,19.341839,4.5571666,0.24067,7.058,False,,7,1791104259
HDBFS.NS,18.539175,2.4910996,,484.313,False,,5,1791104260
HDFCAMC.NS,33.670315,10.71427,,2.364,True,"Consistently profitable, compounding business: 37% average return on capital over 4 years, growing revenue 24% a year",6,1791104261
HDFCBANK.NS,15.774278,1.8313261,0.13838,,False,,6,1791104262
HDFCLIFE.NS,58.510406,5.9486427,0.10828,15.885,False,,4,1791104263
HEGAM.NS,12.825575,,,16.73,False,,6,1791104264
HFCL.NS,62.07552,7.1899977,,38.321,False,,5,1791104265
HAVELLS.NS,40.0,6.8991594,,2.801,False,,6,1791104266
HEROMOTOCO.NS,19.011183,4.784853,,3.57,True,"Consistently profitable, compounding business: 29% average return on capital over 4 years, growing revenue 12% a year",8,1791104266
HEXT.NS,22.543617,4.4610004,0.21473,10.18,True,"Consistently profitable, compounding business: 28% average return on capital over 4 years, growing revenue 13% a year",5,1791104267
HSCL.NS,41.578617,7.0868077,,16.169,False,,3,1791104268
HINDALCO.NS,12.770847,1.5307565,,72.598,False,,4,1791104269
HAL.NS,33.003372,7.4974413,,0.16,False,,7,1791104270
HINDCOPPER.NS,39.523,13.437591,,3.319,True,"Consistently profitable, compounding business: 23% average return on capital over 4 years, growing revenue 23% a year",8,1791104271
HINDPETRO.NS,43.837357,1.1199808,,85.369,False,,8,1791104272
HINDUNILVR.NS,40.818142,8.850923,,3.016,False,,6,1791104273
HINDZINC.NS,13.735461,10.363918,,39.034,False,,8,1791104274
POWERINDIA.NS,121.95027,26.945126,,1.663,True,"Consistently profitable, compounding business: 17% average return on capital over 4 years, growing revenue 22% a year",7,1791104275
HOMEFIRST.NS,20.269587,2.682833,,243.944,False,,4,1791104276
HONASA.NS,56.299213,9.870691,,9.586,False,,6,1791104277
HONAUT.NS,53.651173,6.6172237,,2.476,True,"Consistently profitable, compounding business: 18% average return on capital over 4 years, growing revenue 11% a year",5,1791104278
HUDCO.NS,7.597366,1.4709713,,645.775,False,,3,1791104279
HYUNDAI.NS,33.2239,8.218422,,5.484,False,,7,1791104280
ICICIBANK.NS,16.948143,2.4710724,0.16073999,,False,,6,1791104280
ICICIGI.NS,32.36025,4.5773897,0.1463,,True,"Consistently profitable, compounding business: 22% average return on capital over 4 years, growing revenue 15% a year",5,1791104281
ICICIAMC.NS,43.77133,36.472652,,4.066,True,"Consistently profitable, compounding business: 97% average return on capital over 4 years, growing revenue 29% a year",4,1791104282
ICICIPRULI.NS,38.45923,4.763702,0.12571,18.052,False,,4,1791104283
IDBI.NS,10.046136,1.325723,0.13874,,False,,6,1791104284
IDFCFIRSTB.NS,31.03861,1.4223787,0.052649997,,False,,5,1791104285
IFCI.NS,98.5,1.9217241,,22.723,False,,6,1791104286
IIFL.NS,11.876783,1.7816716,,447.421,False,,4,1791104287
INOXINDIA.NS,77.08617,17.510193,,7.251,True,"Consistently profitable, compounding business: 35% average return on capital over 4 years, growing revenue 18% a year",5,1791104288
IRB.NS,21.769232,0.9605159,,95.6,False,,5,1791104289
IRCON.NS,16.849314,1.5661474,,85.833,False,,3,1791104290
ITCHOTELS.NS,38.25301,2.836493,,0.634,False,,7,1791104291
ITC.NS,16.155302,4.4220567,,3.293,False,,4,1791104292
ITI.NS,71.50887,12.203988,,40.144,False,,5,1791104293
INDIACEM.NS,98.993286,0.9029746,,12.888,False,,6,1791104294
INDIAMART.NS,19.82158,4.394342,0.23146,0.974,True,"Consistently profitable, compounding business: 26% average return on capital over 4 years, growing revenue 17% a year",6,1791104294
INDIANB.NS,8.354224,1.2732917,0.16171,,False,,6,1791104295
IEX.NS,18.592983,6.9508758,,0.818,True,"Consistently profitable, compounding business: 49% average return on capital over 4 years, growing revenue 15% a year",6,1791104296
INDHOTEL.NS,47.612732,7.8302217,,18.987,True,"Consistently profitable, compounding business: 21% average return on capital over 4 years, growing revenue 19% a year",7,1791104297
IOC.NS,5.3739767,0.82385117,,58.446,False,,7,1791104298
IOB.NS,10.2617445,1.5141612,0.16525999,,False,,5,1791104299
IRCTC.NS,26.03211,8.42973,,1.874,True,"Consistently profitable, compounding business: 49% average return on capital over 4 years, growing revenue 14% a year",5,1791104300
IRFC.NS,14.03643,1.7730023,,773.347,False,,5,1791104301
IREDA.NS,15.789474,2.2619824,,565.671,False,,4,1791104302
IGL.NS,15.635965,1.7339706,,0.848,False,,6,1791104303
INDUSTOWER.NS,13.868412,2.3977032,0.18912001,51.79,False,,7,1791104304
INDUSINDBK.NS,52.352417,1.0505311,,,False,,5,1791104305
NAUKRI.NS,48.54369,2.0501747,,0.64,False,,6,1791104306
INFY.NS,13.298214,4.5422335,0.32,9.541,False,,7,1791104307
INOXWIND.NS,33.536587,1.6114287,,20.631,False,,3,1791104308
INTELLECT.NS,24.507439,2.6673844,,4.961,True,"Consistently profitable, compounding business: 17% average return on capital over 4 years, growing revenue 11% a year",6,1791104309
INDIGO.NS,,27.333818,,1112.706,True,"Consistently profitable, compounding business: 101% average return on capital over 4 years, growing revenue 16% a year",5,1791104310
IGIL.NS,26.371307,9.07586,,9.594,True,"Consistently profitable, compounding business: 30% average return on capital over 4 years, growing revenue 30% a year",7,1791104311
IKS.NS,39.734196,10.62912,,26.873,True,"Consistently profitable, compounding business: 30% average return on capital over 4 years, growing revenue 46% a year",6,1791104312
IPCALAB.NS,37.62817,6.119374,,8.492,False,,8,1791104313
JKCEMENT.NS,40.511814,5.440535,,87.522,False,,7,1791104314
JBMA.NS,57.468357,11.284643,,190.282,False,,5,1791104315
JKTYRE.NS,14.787326,1.6205753,,80.551,False,,6,1791104316
JMFINANCIL.NS,11.360038,1.1070929,,102.435,False,,6,1791104317
JSWCEMENT.NS,19.710993,2.2763011,,68.39,False,,6,1791104318
JSWENERGY.NS,38.009403,2.7697825,,229.16,False,,5,1791104319
JSWINFRA.NS,50.211864,6.8147836,,59.002,False,,5,1791104320
JSWSTEEL.NS,12.165762,3.007948,,95.374,False,,8,1791104321
JAINREC.NS,26.591759,6.418079,,81.887,True,"Consistently profitable, compounding business: 20% average return on capital over 4 years, growing revenue 45% a year",5,1791104322
JPPOWER.NS,21.214287,1.1401153,,26.634,False,,7,1791104322
J&KBANK.NS,6.695361,0.90760577,0.14609,,False,,3,1791104323
JINDALSAW.NS,26.516634,1.373341,,38.19,False,,6,1791104324
JSL.NS,18.60737,13.403628,,37.523,False,,6,1791104325
JINDALSTEL.NS,41.15557,2.1994956,,43.613,False,,7,1791104326
JIOFIN.NS,65.789474,1.0050322,,16.286,False,,3,1791104327
JUBLFOOD.NS,78.063385,12.722368,,205.318,True,"Consistently profitable, compounding business: 25% average return on capital over 4 years, growing revenue 20% a year",7,1791104328
JUBLINGREA.NS,32.69784,3.2163978,,25.328,False,,7,1791104329
JWL.NS,57.109974,3.2257133,,33.365,True,"Consistently profitable, compounding business: 17% average return on capital over 4 years, growing revenue 12% a year",3,1791104330
JYOTICNC.NS,73.46535,11.811794,,42.609,True,"Consistently profitable, compounding business: 16% average return on capital over 4 years, growing revenue 31% a year",5,1791104331
KPRMILL.NS,40.041245,6.4066186,,10.463,False,,7,1791104332
KEI.NS,43.28846,6.4574795,,3.796,True,"Consistently profitable, compounding business: 21% average return on capital over 4 years, growing revenue 19% a year",6,1791104332
KPITTECH.NS,23.098593,3.7825203,,23.624,True,"Consistently profitable, compounding business: 34% average return on capital over 4 years, growing revenue 24% a year",5,1791104333
KSB.NS,57.18285,8.263857,0.15192,0.371,True,"Consistently profitable, compounding business: 22% average return on capital over 4 years, growing revenue 14% a year",4,1791104334
KAJARIACER.NS,35.860058,6.38971,,7.302,False,,8,1791104335
KPIL.NS,20.406906,2.9845731,,45.814,False,,7,1791104336
KALYANKJIL.NS,38.158844,8.641128,,96.966,True,"Consistently profitable, compounding business: 16% average return on capital over 4 years, growing revenue 36% a year",7,1791104337
KARURVYSYA.NS,11.470071,2.2319746,,,False,,4,1791104338
KAYNES.NS,66.23149,4.902392,,19.168,False,,3,1791104339
KEC.NS,17.943296,1.6137048,,87.306,False,,4,1791104340
KFINTECH.NS,42.19067,8.579443,,3.314,True,"Consistently profitable, compounding business: 29% average return on capital over 4 years, growing revenue 22% a year",6,1791104341
KIRLOSBROS.NS,37.792427,5.72679,,10.101,False,,5,1791104342
KIRLOSENG.NS,60.080105,9.033713,,154.864,False,,8,1791104343
KOTAKBANK.NS,20.487268,2.2960906,,,False,,5,1791104344
KIMS.NS,145.6693,13.175465,,166.226,True,"Consistently profitable, compounding business: 17% average return on capital over 4 years, growing revenue 21% a year",5,1791104345
LTF.NS,20.880728,2.358457,,393.442,False,,3,1791104346
LTTS.NS,27.193563,5.3697495,,8.911,False,,7,1791104346
LGEINDIA.NS,63.7379,15.159431,,5.99,False,,1,1791104347
LICHSGFIN.NS,4.8778152,0.675909,,642.522,False,,4,1791104348
LTFOODS.NS,21.659435,7.781631,,35.617,True,"Consistently profitable, compounding business: 19% average return on capital over 4 years, growing revenue 16% a year",6,1791104349
LTM.NS,22.727015,4.8420033,0.21966,9.874,False,,5,1791104350
LT.NS,30.676079,4.6488853,,97.64,False,,7,1791104351
LAURUSLABS.NS,98.02372,20.20881,,46.369,False,,8,1791104352
LEMONTREE.NS,36.11111,6.101377,,96.367,True,"Consistently profitable, compounding business: 16% average return on capital over 4 years, growing revenue 16% a year",8,1791104353
LENSKART.NS,181.57895,13.710879,,34.983,False,,5,1791104354
LICI.NS,8.25121,2.8067677,,0.431,False,,4,1791104355
LINDEINDIA.NS,96.37918,12.397206,,1.85,False,,6,1791104356
LLOYDSME.NS,20.78468,7.222004,,145.214,True,"Consistently profitable, compounding business: 20% average return on capital over 4 years, growing revenue 71% a year",3,1791104357
LODHA.NS,26.808922,4.7427235,,42.238,False,,6,1791104358
LUPIN.NS,16.835474,4.13672,,29.388,True,"Consistently profitable, compounding business: 17% average return on capital over 4 years, growing revenue 19% a year",8,1791104359
MMTC.NS,18.92256,3.9762275,,0.114,False,,6,1791104360
MRF.NS,21.658667,2.4977267,,15.288,False,,8,1791104360
MTARTECH.NS,177.98901,29.051554,,45.778,False,,6,1791104361
MGL.NS,14.465149,1.6105732,,3.461,False,,6,1791104362
M&MFIN.NS,13.634427,1.6687003,,429.851,False,,4,1791104363
M&M.NS,17.391304,3.4332702,,125.278,False,,6,1791104364
MANAPPURAM.NS,18.869883,1.8077753,,360.191,False,,1,1791104365
MRPL.NS,9.1427765,2.016235,,108.059,False,,7,1791104366
MANKIND.NS,51.284645,6.420241,,38.111,True,"Consistently profitable, compounding business: 18% average return on capital over 4 years, growing revenue 18% a year",6,1791104367
MARICO.NS,53.77495,24.092688,,12.394,True,"Consistently profitable, compounding business: 47% average return on capital over 4 years, growing revenue 12% a year",6,1791104368
MARUTI.NS,25.0,3.3407006,,0.096,True,"Consistently profitable, compounding business: 18% average return on capital over 4 years, growing revenue 16% a year",6,1791104369
MFSL.NS,435.0,9.047539,,36.453,False,,5,1791104370
MAXHEALTH.NS,63.278416,8.520551,,32.367,False,,8,1791104371
MAZDOCK.NS,31.056274,8.534957,,4.481,True,"Consistently profitable, compounding business: 35% average return on capital over 4 years, growing revenue 20% a year",5,1791104372
MEESHO.NS,,23.06963,,1.428,False,,4,1791104373
MINDACORP.NS,31.720762,5.9272904,,55.351,False,,8,1791104374
MSUMI.NS,35.531918,10.245399,,10.788,True,"Consistently profitable, compounding business: 47% average return on capital over 4 years, growing revenue 18% a year",7,1791104375
MOTILALOFS.NS,30.67555,4.6227202,,165.8,False,,3,1791104376
MPHASIS.NS,22.522268,3.7878518,0.17743999,24.675,False,,5,1791104376
MCX.NS,52.906208,19.378134,,0.113,True,"Consistently profitable, compounding business: 29% average return on capital over 4 years, growing revenue 68% a year",6,1791104377
MUTHOOTFIN.NS,9.520633,2.6669106,0.31735,393.56,False,,4,1791104378
NATCOPHARM.NS,12.917981,1.5905322,,7.742,True,"Consistently profitable, compounding business: 22% average return on capital over 4 years, growing revenue 14% a year",4,1791104379
NBCC.NS,28.145454,6.9573035,,0.008,True,"Consistently profitable, compounding business: 35% average return on capital over 4 years, growing revenue 13% a year",6,1791104380
NCC.NS,11.62332,1.0340536,,57.389,True,"Consistently profitable, compounding business: 17% average return on capital over 4 years, growing revenue 11% a year",3,1791104381
NHPC.NS,26.282051,1.7436633,,113.111,False,,5,1791104382
NLCINDIA.NS,10.646316,1.6287473,,110.358,False,,7,1791104383
NMDC.NS,8.92823,1.9230175,,18.802,True,"Consistently profitable, compounding business: 28% average return on capital over 4 years, growing revenue 22% a year",6,1791104384
NSLNISP.NS,145.60715,0.90517527,,35.019,False,,7,1791104385
NTPCGREEN.NS,126.72221,4.1217923,,165.281,False,,5,1791104386
NTPC.NS,9.633141,1.5044595,,128.345,False,,6,1791104387
NH.NS,43.168316,7.806625,,129.033,True,"Consistently profitable, compounding business: 21% average return on capital over 4 years, growing revenue 21% a year",6,1791104388
NATIONALUM.NS,9.107968,2.846603,,0.277,False,,7,1791104388
NAVA.NS,20.560957,1.7791729,,20.684,False,,6,1791104389
NAVINFLUOR.NS,52.642475,10.493212,,32.091,False,,7,1791104390
NESTLEIND.NS,66.212654,48.898777,,8.621,True,"Consistently profitable, compounding business: 128% average return on capital over 3 years, growing revenue 17% a year",5,1791104391
NETWEB.NS,97.983086,35.474804,,39.019,True,"Consistently profitable, compounding business: 34% average return on capital over 4 years, growing revenue 70% a year",5,1791104392
NEULANDLAB.NS,55.62014,14.7362795,,16.072,True,"Consistently profitable, compounding business: 24% average return on capital over 4 years, growing revenue 19% a year",5,1791104393
NAM-INDIA.NS,41.491474,14.326019,,1.617,True,"Consistently profitable, compounding business: 36% average return on capital over 4 years, growing revenue 26% a year",6,1791104394
NUVAMA.NS,28.979208,7.44671,,282.325,False,,3,1791104395
NUVOCO.NS,29.722736,1.1229364,,48.061,False,,7,1791104396
OBEROIRLTY.NS,24.271683,3.5598135,,15.765,True,"Consistently profitable, compounding business: 16% average return on capital over 4 years, growing revenue 13% a year",6,1791104396
ONGC.NS,6.426879,0.75252116,,42.548,False,,7,1791104397
OIL.NS,8.643177,1.2450297,,58.741,False,,5,1791104398
OLAELEC.NS,,4.8976626,,82.453,False,,3,1791104399
OLECTRA.NS,50.712963,7.3288064,,30.841,True,"Consistently profitable, compounding business: 15% average return on capital over 4 years, growing revenue 28% a year",5,1791104401
PAYTM.NS,163.96039,6.6247687,,1.073,False,,4,1791104402
ONESOURCE.NS,,2.9562476,,25.791,False,,4,1791104403
OFSS.NS,26.666666,13.09733,0.49897,0.567,True,"Consistently profitable, compounding business: 40% average return on capital over 4 years, growing revenue 10% a year",6,1791104404
POLICYBZR.NS,60.60606,6.1941032,,4.922,False,,6,1791104405
PCBL.NS,48.732925,3.1540334,,124.132,False,,4,1791104406
PGEL.NS,67.57023,4.509326,,19.567,False,,5,1791104407
PIIND.NS,29.156343,3.0204787,,3.048,False,,4,1791104408
PNBHOUSING.NS,12.625737,1.4804009,,287.733,False,,4,1791104409
PTCIL.NS,261.82797,21.800982,,17.341,False,,4,1791104410
PVRINOX.NS,42.897327,1.6255461,,91.874,False,,8,1791104411
PAGEIND.NS,54.05405,27.212923,,18.422,False,,6,1791104411
PARADEEP.NS,14.645974,2.309363,,101.822,False,,4,1791104412
PATANJALI.NS,19.610712,2.9480367,,21.295,False,,5,1791104413
PERSISTENT.NS,43.858788,9.973223,0.25203,6.94,True,"Consistently profitable, compounding business: 30% average return on capital over 4 years, growing revenue 21% a year",6,1791104414
PETRONET.NS,10.181883,1.9213428,,10.507,False,,6,1791104415
PHOENIXLTD.NS,54.046486,6.2803645,,37.211,False,,7,1791104416
PWL.NS,1721.8572,7.680005,,23.018,True,"Consistently profitable, compounding business: 38% average return on capital over 4 years, growing revenue 74% a year",7,1791104417
PIDILITIND.NS,56.50328,13.755391,,3.776,False,,8,1791104418
PINELABS.NS,150.95496,3.24452,,7.474,False,,8,1791104419
PIRAMALFIN.NS,27.145725,1.5939265,0.06038,286.781,False,,5,1791104420
PPLPHARMA.NS,,3.2241805,,69.977,False,,3,1791104421
POLYMED.NS,52.763496,5.3583436,,11.227,True,"Consistently profitable, compounding business: 17% average return on capital over 4 years, growing revenue 19% a year",4,1791104422
POLYCAB.NS,42.19476,9.94605,0.25549,1.738,True,"Consistently profitable, compounding business: 24% average return on capital over 4 years, growing revenue 27% a year",6,1791104423
POONAWALLA.NS,45.487934,3.3847618,,468.058,False,,4,1791104424
PFC.NS,4.0288863,0.73422116,,536.837,True,"Consistently profitable, compounding business: 88% average return on capital over 4 years, growing revenue 16% a year",5,1791104425
POWERGRID.NS,12.4718275,2.3558319,,150.813,False,,5,1791104426
PREMIERENE.NS,23.584475,9.182991,,86.005,True,"Consistently profitable, compounding business: 19% average return on capital over 4 years, growing revenue 76% a year",5,1791104427
PRESTIGE.NS,56.185253,3.9335835,0.07752,105.493,False,,6,1791104428
PFOCUS.NS,215.79138,11.158025,,224.567,False,,7,1791104429
PRIVISCL.NS,41.061966,9.859478,,74.399,False,,8,1791104430
PNB.NS,5.700833,0.805342,0.14965999,,False,,5,1791104430
RRKABEL.NS,47.073082,11.093537,,13.092,True,"Consistently profitable, compounding business: 22% average return on capital over 4 years, growing revenue 20% a year",5,1791104431
RBLBANK.NS,34.0,1.5183053,,,False,,5,1791104432
RECLTD.NS,4.7350664,0.8997896,,607.463,False,,4,1791104433
RHIM.NS,,2.2422123,,12.595,False,,4,1791104434
RITES.NS,24.3391,3.7885098,,0.236,False,,7,1791104435
RADICO.NS,80.64332,17.110136,,15.033,False,,8,1791104436
RVNL.NS,45.707657,4.1819687,,49.078,False,,4,1791104437
RAILTEL.NS,23.886827,3.654089,0.16254,2.817,True,"Consistently profitable, compounding business: 19% average return on capital over 4 years, growing revenue 30% a year",7,1791104438
RAINBOW.NS,45.454544,7.883618,,53.558,True,"Consistently profitable, compounding business: 28% average return on capital over 4 years, growing revenue 13% a year",6,1791104439
RKFORGE.NS,118.92123,3.821015,,74.422,False,,6,1791104440
REDINGTON.NS,18.291227,3.0637841,,27.26,True,"Consistently profitable, compounding business: 20% average return on capital over 4 years, growing revenue 15% a year",5,1791104440
RELIANCE.NS,21.142494,1.7479361,,46.278,False,,6,1791104441
RPOWER.NS,,0.50074774,,92.348,False,,5,1791104442
RUBICON.NS,93.29513,20.853882,,24.131,False,,1,1791104443
SBICARD.NS,23.52548,3.4096553,,280.206,False,,6,1791104444
SBILIFE.NS,66.676994,8.579088,0.13703,,False,,2,1791104445
SJVN.NS,32.897728,1.5991383,,226.528,False,,6,1791104446
SHRIPISTON.NS,34.889046,6.7797256,,65.22,True,"Consistently profitable, compounding business: 23% average return on capital over 4 years, growing revenue 20% a year",5,1791104447
SRF.NS,34.12766,5.2480483,,36.195,False,,7,1791104448
SAGILITY.NS,20.363207,2.0568895,,11.497,False,,7,1791104449
SAILIFE.NS,91.44543,13.194859,,11.614,False,,5,1791104450
SAMMAANCAP.NS,,0.57078415,,273.033,False,,0,1791104450
MOTHERSON.NS,37.747597,4.0355163,,43.908,False,,6,1791104451
SANSERA.NS,82.29565,8.58404,,19.023,False,,7,1791104453
SARDAEN.NS,15.470991,2.3733761,,35.204,True,"Consistently profitable, compounding business: 16% average return on capital over 4 years, growing revenue 10% a year",8,1791104454
SCHAEFFLER.NS,48.23838,9.837319,0.21645,0.783,True,"Consistently profitable, compounding business: 26% average return on capital over 4 years, growing revenue 12% a year",7,1791104455
SCHNEIDER.NS,167.05882,39.40917,,70.795,True,"Consistently profitable, compounding business: 40% average return on capital over 4 years, growing revenue 18% a year",7,1791104456
SCI.NS,7.7288423,1.3743154,,29.454,False,,6,1791104456
SHREECEM.NS,48.543686,3.3960135,,8.013,False,,8,1791104457
SHRIRAMFIN.NS,16.693163,2.6973875,0.18495001,276.215,False,,4,1791104458
SHYAMMETL.NS,25.88875,2.5892015,,8.133,False,,6,1791104459
ENRIN.NS,79.9904,24.674911,,4.483,False,,8,1791104460
SIEMENS.NS,80.0,9.788029,,2.213,False,,6,1791104461
SIGNATURE.NS,9.880037,5.5688934,,161.04,False,,6,1791104462
SOBHA.NS,56.044464,2.7418616,,24.62,False,,7,1791104463
SOLARINDS.NS,88.495575,27.966421,,23.271,True,"Consistently profitable, compounding business: 31% average return on capital over 4 years, growing revenue 12% a year",6,1791104464
SONACOMS.NS,71.93923,8.36694,,7.213,True,"Consistently profitable, compounding business: 18% average return on capital over 4 years, growing revenue 19% a year",6,1791104465
STARHEALTH.NS,47.53304,3.1302218,0.07507,,False,,4,1791104466
SBIN.NS,10.204278,1.4160429,0.15177,,False,,3,1791104467
SAIL.NS,16.859903,1.1951972,,52.899,False,,7,1791104468
STLTECH.NS,208.13724,20.561522,,85.626,False,,7,1791104468
SUMICHEM.NS,36.197247,6.188429,,1.865,False,,5,1791104470
SUNPHARMA.NS,35.712868,5.1707554,,5.517,True,"Consistently profitable, compounding business: 17% average return on capital over 4 years, growing revenue 10% a year",5,1791104470
SUNTV.NS,15.467662,1.8671501,,0.837,False,,6,1791104471
SUNDARMFIN.NS,21.84076,3.2802296,,409.161,False,,3,1791104472
SUPREMEIND.NS,41.666664,6.95973,,1.473,False,,5,1791104473
SUZLON.NS,16.991266,5.470266,0.39366,2.807,True,"Consistently profitable, compounding business: 44% average return on capital over 4 years, growing revenue 41% a year",7,1791104474
SWANCORP.NS,38.735798,1.1342274,,24.561,False,,3,1791104475
SWIGGY.NS,,3.3866951,,13.929,False,,5,1791104476
SYNGENE.NS,65.40073,2.982019,,9.473,False,,6,1791104477
SYRMA.NS,89.39709,11.495559,,13.045,False,,6,1791104478
TBOTEK.NS,68.33537,11.578832,,48.762,True,"Consistently profitable, compounding business: 31% average return on capital over 4 years, growing revenue 37% a year",2,1791104479
TDPOWERSYS.NS,90.216156,23.116837,,1.689,True,"Consistently profitable, compounding business: 25% average return on capital over 4 years, growing revenue 29% a year",5,1791104480
TVSMOTOR.NS,55.862736,57.187145,,306.09,False,,6,1791104481
TATACAP.NS,24.914062,2.9320903,,502.931,False,,2,1791104482
TATACHEM.NS,,0.730956,,36.081,False,,3,1791104483
TATACOMM.NS,50.83836,13.938107,,335.854,True,"Consistently profitable, compounding business: 20% average return on capital over 4 years, growing revenue 12% a year",6,1791104484
TCS.NS,15.08323,6.8478684,0.47743,10.211,False,,5,1791104485
TATACONSUM.NS,57.789856,4.3465624,,12.159,False,,7,1791104486
TATAELXSI.NS,29.410421,6.3350697,,5.336,False,,6,1791104486
TATAINVEST.NS,71.929825,1.0648484,,0.007,False,,5,1791104487
TMCV.NS,36.739895,12.090454,,44.095,False,,6,1791104488
TMPV.NS,,0.91806424,,70.364,False,,4,1791104489
TATAPOWER.NS,28.985928,2.834236,,168.051,False,,5,1791104490
TATASTEEL.NS,20.112993,2.1749222,,89.017,False,,7,1791104491
TATATECH.NS,51.0219,7.23303,,23.908,False,,5,1791104492
TTML.NS,180.42105,-0.33535182,,,False,,5,1791104493
TECHM.NS,26.52708,4.5842204,,7.269,False,,8,1791104494
TECHNOE.NS,27.017544,2.7995224,,1.744,False,,3,1791104495
TEGA.NS,556.2334,4.623852,,11.693,True,"Consistently profitable, compounding business: 15% average return on capital over 4 years, growing revenue 12% a year",6,1791104496
TEJASNET.NS,,2.8321052,,142.52,False,,2,1791104497
TENNIND.NS,33.25034,16.64309,,4.289,False,,8,1791104498
THANGAMAYL.NS,38.68149,10.689928,,64.492,True,"Consistently profitable, compounding business: 17% average return on capital over 4 years, growing revenue 39% a year",6,1791104499
NIACL.NS,34.392704,0.6853011,,,False,,4,1791104500
RAMCOCEM.NS,30.458715,2.4232092,,47.897,False,,8,1791104501
THERMAX.NS,63.553833,6.8074546,,42.166,False,,4,1791104502
TIMKEN.NS,54.61118,7.9926705,,0.5,False,,6,1791104503
TITAGARH.NS,55.233356,4.4540567,,25.363,False,,6,1791104504
TITAN.NS,69.44026,25.530027,,195.001,True,"Consistently profitable, compounding business: 21% average return on capital over 4 years, growing revenue 29% a year",7,1791104505
TORNTPHARM.NS,76.33787,19.23446,,85.446,True,"Consistently profitable, compounding business: 21% average return on capital over 4 years, growing revenue 13% a year",5,1791104506
TORNTPOWER.NS,27.065712,3.2967818,,70.885,False,,4,1791104506
TARIL.NS,32.01804,5.50601,,29.595,True,"Consistently profitable, compounding business: 17% average return on capital over 4 years, growing revenue 21% a year",6,1791104507
TRENT.NS,76.33136,19.696459,,36.034,True,"Consistently profitable, compounding business: 37% average return on capital over 4 years, growing revenue 35% a year",6,1791104508
TRIDENT.NS,28.512821,2.3765762,,38.323,False,,5,1791104509
TRITURBINE.NS,50.199047,11.626529,,2.476,True,"Consistently profitable, compounding business: 36% average return on capital over 4 years, growing revenue 20% a year",5,1791104511
TIINDIA.NS,74.61735,5.8429885,,5.363,True,"Consistently profitable, compounding business: 25% average return on capital over 4 years, growing revenue 15% a year",7,1791104512
UCOBANK.NS,10.1866665,0.85011685,0.08541001,,False,,5,1791104512
UNOMINDA.NS,53.464867,9.393204,,37.74,True,"Consistently profitable, compounding business: 19% average return on capital over 4 years, growing revenue 20% a year",7,1791104513
UPL.NS,21.189013,1.2573965,,57.128,False,,7,1791104514
UTIAMC.NS,24.587873,2.510699,,3.129,True,"Consistently profitable, compounding business: 19% average return on capital over 4 years, growing revenue 11% a year",5,1791104515
ULTRACEMCO.NS,36.900497,4.111163,,29.432,False,,8,1791104516
UNIONBANK.NS,6.2001476,0.91694474,0.15798001,,False,,3,1791104517
UBL.NS,78.8785,6.9087696,,29.076,False,,5,1791104518
UNITDSPR.NS,56.191074,10.588552,,4.611,False,,7,1791104519
URBANCO.NS,,11.2230215,,6.335,False,,3,1791104520
USHAMART.NS,28.293243,4.5592146,,6.922,False,,8,1791104521
VTL.NS,17.821117,1.4347125,,17.52,False,,5,1791104522
VBL.NS,42.57257,6.607526,0.16853,15.869,True,"Consistently profitable, compounding business: 22% average return on capital over 4 years, growing revenue 17% a year",8,1791104523
VAML.NS,40.8308,,,,False,,3,1791104524
VISL.NS,,-4.183536,,,False,,3,1791104525
VEDL.NS,11.074253,1.9822109,,48.044,False,,8,1791104525
VOGL.NS,,-0.15778296,,,False,,4,1791104526
VEDPOWER.NS,,2.873563,0.00875,,False,,5,1791104527
VIJAYA.NS,78.44543,15.291046,,44.15,True,"Consistently profitable, compounding business: 27% average return on capital over 4 years, growing revenue 21% a year",7,1791104529
VMM.NS,52.368423,6.260618,,26.817,False,,7,1791104530
IDEA.NS,3.6217766,-3.8303032,,,False,,5,1791104530
VOLTAS.NS,77.49815,5.4654336,,15.51,False,,4,1791104531
WAAREEENER.NS,17.668377,4.659517,,21.402,True,"Consistently profitable, compounding business: 30% average return on capital over 4 years, growing revenue 58% a year",5,1791104532
WELCORP.NS,29.470016,7.4337974,,25.042,True,"Consistently profitable, compounding business: 20% average return on capital over 4 years, growing revenue 20% a year",5,1791104533
WELSPUNLIV.NS,82.69896,4.6616864,,46.501,False,,5,1791104534
WHIRLPOOL.NS,43.335022,2.607733,,8.621,False,,5,1791104535
WIPRO.NS,12.656871,2.0346017,0.16128999,27.398,False,,6,1791104536
WOCKPHARMA.NS,82.363205,6.823131,,42.284,False,,7,1791104537
YESBANK.NS,17.291666,1.247445,0.074650005,,False,,7,1791104538
ZFCVINDIA.NS,2.4864552,6.892022,,1.485,False,,6,1791104538
ZEEL.NS,34.113747,0.58182585,,2.26,False,,4,1791104539
ZENTEC.NS,78.696304,7.8837676,,0.95,True,"Consistently profitable, compounding business: 26% average return on capital over 4 years, growing revenue 46% a year",6,1791104540
ZENSARTECH.NS,12.888889,2.097012,,1.68,False,,5,1791104541
ZYDUSLIFE.NS,25.51102,4.2522473,,42.304,True,"Consistently profitable, compounding business: 20% average return on capital over 4 years, growing revenue 17% a year",4,1791104542
ZYDUSWELL.NS,84.231415,2.723152,,54.974,False,,6,1791104543
ECLERX.NS,23.368324,6.5120897,,15.012,True,"Consistently profitable, compounding business: 35% average return on capital over 4 years, growing revenue 16% a year",7,1791104544
